,method,max,geomean_slowdown
0,CHECKPOINT_ALL_AP,1.2039229462025822,1.2039229462025822
1,CHEN_SQRTN_NOAP,1.8617322790699293,1.8617322790699293
2,CHEN_SQRTN,1.4073153568639498,1.4073153568639498
3,MIXED_ILP_OPTIMAL,0.9490802017829811,0.9490802017829811
